{
  "metadata": {
    "image_path": "D:/Orthomosaic/Dansomanclipped.tif",
    "image_name": "Dansomanclipped.tif",
    "dimensions": [
      104408,
      27641
    ],
    "bands": 3,
    "epsg": "32630",
    "proj4": "+proj=utm +zone=30 +datum=WGS84 +units=m +no_defs",
    "bounds": {
      "left": 802666.5972589103,
      "bottom": 610806.1458195208,
      "right": 804383.4928517103,
      "top": 611260.6771876208
    },
    "pixel_size": {
      "x": 0.01644410000000021,
      "y": 0.01644410000000056
    },
    "processing_time_hours": 1.5872387117147446,
    "tiles_processed": 9550,
    "tiles_with_detections": 213,
    "processing_completed": "2026-04-20T11:17:22.931369",
    "total_detections": 255,
    "confidence_threshold": 0.15,
    "tile_size": 640,
    "overlap": 0.15
  },
  "statistics": {
    "detection_counts": {
      "total": 255,
      "merged_detections": 15
    },
    "confidence": {
      "mean": 0.2260082243996508,
      "median": 0.19630774855613708,
      "std": 0.08463684229808768,
      "min": 0.1501779854297638,
      "max": 0.5815603733062744,
      "percentiles": {
        "25": 0.16994599252939224,
        "50": 0.19630774855613708,
        "75": 0.2475711777806282,
        "90": 0.32519932985305783,
        "95": 0.4144465982913968
      },
      "distribution": {
        "0.15-0.25": 193,
        "0.25-0.35": 39,
        "0.35-0.45": 12,
        "0.45-0.55": 9,
        "0.55-0.65": 2,
        "0.65-0.75": 0,
        "0.75-0.85": 0,
        "0.85-0.95": 0,
        "0.95-1.00": 0
      }
    },
    "area_pixels": {
      "total": 19233343.47456932,
      "mean": 75424.87637086007,
      "median": 39884.19140625,
      "std": 85416.30748207307,
      "min": 822.236328125,
      "max": 390575.84375
    },
    "area_geo": {
      "total_sqm": 5192.6328125,
      "mean_sqm": 20.36326593137255,
      "median_sqm": 10.828125,
      "min_sqm": 0.21875,
      "max_sqm": 105.6953125
    },
    "spatial": {
      "coverage_percentage": 0.6664495204758467,
      "detection_density_per_megapixel": 0.08835937856880932,
      "bbox_centers": {
        "x_mean": 803431.8139705883,
        "y_mean": 611013.8580882353
      }
    }
  },
  "detections": [
    {
      "bbox_pixel": [
        16349.796875,
        20821.728515625,
        16451.580078125,
        20939.90234375
      ],
      "bbox_geo": [
        802935.4375,
        610918.125,
        802937.125,
        610916.375
      ],
      "center_pixel": [
        16400.6884765625,
        20880.8154296875
      ],
      "center_geo": [
        802936.25,
        610917.25
      ],
      "confidence": 0.5123798698186874,
      "class": "plastic-waste",
      "area_pixel": 12028.110752105713,
      "area_geo": 2.953125,
      "merged_from": 2,
      "tile_index": 7288,
      "tile_offset": [
        16320,
        20672
      ],
      "tile_image_path": "runs\\Dansomanclipped\\tiles_with_detections\\Dansomanclipped_tile_007288_x16320_y20672_dets3.jpg"
    },
    {
      "bbox_pixel": [
        4257.623046875,
        24739.28125,
        4435.203125,
        24936.28125
      ],
      "bbox_geo": [
        