{
  "detections": [
    {
      "bbox_pixel": [
        100400.5546875,
        155.34442138671875,
        100735.3828125,
        629.0564575195312
      ],
      "bbox_geo": [
        804317.5625,
        611258.125,
        804323.0625,
        611250.3125
      ],
      "center_pixel": [
        100567.96875,
        392.200439453125
      ],
      "center_geo": [
        804320.3125,
        611254.25
      ],
      "confidence": 0.3133789896965027,
      "class": "plastic-waste",
      "area_pixel": 158612.109375,
      "area_geo": 42.96875,
      "tile_index": 184,
      "tile_offset": [
        100096,
        0
      ],
      "tile_image_path": "runs\\Dansomanclipped\\tiles_with_detections\\Dansomanclipped_tile_000184_x100096_y0_dets1.jpg"
    },
    {
      "bbox_pixel": [
        100640.0,
        234.326904296875,
        101273.3828125,
        640.0
      ],
      "bbox_geo": [
        804321.5625,
        611256.8125,
        804332.0,
        611250.1875
      ],
      "center_pixel": [
        100956.6875,
        437.1634521484375
      ],
      "center_geo": [
        804326.75,
        611253.5
      ],
      "confidence": 0.40189918875694275,
      "class": "plastic-waste",
      "area_pixel": 256946.359375,
      "area_geo": 69.1484375,
      "tile_index": 185,
      "tile_offset": [
        100640,
        0
      ],
      "tile_image_path": "runs\\Dansomanclipped\\tiles_with_detections\\Dansomanclipped_tile_000185_x100640_y0_dets1.jpg"
    },
    {
      "bbox_pixel": [
        101184.046875,
        409.7531433105469,
        101365.40625,
        639.8916015625
      ],
      "bbox_geo": [
        804330.5,
        611253.9375,
        804333.5,
        611250.1875
      ],
      "center_pixel": [
        101274.7265625,
        524.8223876953125
      ],
      "center_geo": [
        804332.0,
        611252.0625
      ],
      "confidence": 0.19528204202651978,
      "class": "plastic-waste",
      "area_pixel": 41737.765625,
      "area_geo": 11.25,
      "tile_index": 186,
      "tile_offset": [
        101184,
        0
      ],
      "tile_image_path": "runs\\Dansomanclipped\\tiles_with_detections\\Dansomanclipped_tile_000186_x101184_y0_dets1.jpg"
    }
  ],
  "tiles_processed": 200,
  "timestamp": "2026-04-20T09:43:05.037522",
  "metadata": {}
}