{
  "detections": [
    {
      "bbox_pixel": [
        100400.5546875,
        155.34442138671875,
        100735.3828125,
        629.0564575195312
      ],
      "bbox_geo": [
        804317.5625,
        611258.125,
        804323.0625,
        611250.3125
      ],
      "center_pixel": [
        100567.96875,
        392.200439453125
      ],
      "center_geo": [
        804320.3125,
        611254.25
      ],
      "confidence": 0.3133789896965027,
      "class": "plastic-waste",
      "area_pixel": 158612.109375,
      "area_geo": 42.96875,
      "tile_index": 184,
      "tile_offset": [
        100096,
        0
      ],
      "tile_image_path": "runs\\Dansomanclipped\\tiles_with_detections\\Dansomanclipped_tile_000184_x100096_y0_dets1.jpg"
    },
    {
      "bbox_pixel": [
        100640.0,
        234.326904296875,
        101273.3828125,
        640.0
      ],
      "bbox_geo": [
        804321.5625,
        611256.8125,
        804332.0,
        611250.1875
      ],
      "center_pixel": [
        100956.6875,
        437.1634521484375
      ],
      "center_geo": [
        804326.75,
        611253.5
      ],
      "confidence": 0.40189918875694275,
      "class": "plastic-waste",
      "area_pixel": 256946.359375,
      "area_geo": 69.1484375,
      "tile_index": 185,
      "tile_offset": [
        100640,
        0
      ],
      "tile_image_path": "runs\\Dansomanclipped\\tiles_with_detections\\Dansomanclipped_tile_000185_x100640_y0_dets1.jpg"
    },
    {
      "bbox_pixel": [
        101184.046875,
        409.7531433105469,
        101365.40625,
        639.8916015625
      ],
      "bbox_geo": [
        804330.5,
        611253.9375,
        804333.5,
        611250.1875
      ],
      "center_pixel": [
        101274.7265625,
        524.8223876953125
      ],
      "center_geo": [
        804332.0,
        611252.0625
      ],
      "confidence": 0.19528204202651978,
      "class": "plastic-waste",
      "area_pixel": 41737.765625,
      "area_geo": 11.25,
      "tile_index": 186,
      "tile_offset": [
        101184,
        0
      ],
      "tile_image_path": "runs\\Dansomanclipped\\tiles_with_detections\\Dansomanclipped_tile_000186_x101184_y0_dets1.jpg"
    },
    {
      "bbox_pixel": [
        100501.4609375,
        762.1454467773438,
        100735.703125,
        1181.76708984375
      ],
      "bbox_geo": [
        804319.25,
        611248.1875,
        804323.0625,
        611241.25
      ],
      "center_pixel": [
        100618.578125,
        971.956298828125
      ],
      "center_geo": [
        804321.125,
        611244.75
      ],
      "confidence": 0.31516048312187195,
      "class": "plastic-waste",
      "area_pixel": 98293.09375,
      "area_geo": 26.44921875,
      "tile_index": 375,
      "tile_offset": [
        100096,
        544
      ],
      "tile_image_path": "runs\\Dansomanclipped\\tiles_with_detections\\Dansomanclipped_tile_000375_x100096_y544_dets2.jpg"
    },
    {
      "bbox_pixel": [
        100414.0703125,
        544.0,
        100734.015625,
        737.8929443359375
      ],
      "bbox_geo": [
        804317.8125,
        611251.75,
        804323.0625,
        611248.5625
      ],
      "center_pixel": [
        100574.046875,
        640.9464721679688
      ],
      "center_geo": [
        804320.4375,
        611250.125
      ],
      "confidence": 0.28271177411079407,
      "class": "plastic-waste",
      "area_pixel": 62035.13671875,
      "area_geo": 16.734375,
      "tile_index": 375,
      "tile_offset": [
        100096,
        544
      ],
      "tile_image_path": "runs\\Dansomanclipped\\tiles_with_detections\\Dansomanclipped_tile_000375_x100096_y544_dets2.jpg"
    },
    {
      "bbox_pixel": [
        100640.328125,
        544.0,
        100851.859375,
        691.5978393554688
      ],
      "bbox_geo": [
        804321.5625,
        611251.75,
        804325.0625,
        611249.3125
      ],
      "center_pixel": [
        100746.09375,
        617.7989501953125
      ],
      "center_geo": [
        804323.3125,
        611250.5
      ],
      "confidence": 0.15205596387386322,
      "class": "plastic-waste",
      "area_pixel": 31221.5546875,
      "area_geo": 8.53125,
      "tile_index": 376,
      "tile_offset": [
        100640,
        544
      ],
      "tile_image_path": "runs\\Dansomanclipped\\tiles_with_detections\\Dansomanclipped_tile_000376_x100640_y544_dets1.jpg"
    },
    {
      "bbox_pixel": [
        101184.0,
        654.4876098632812,
        101625.2890625,
        1184.0
      ],
      "bbox_geo": [
        804330.5,
        611249.9375,
        804337.75,
        611241.25
      ],
      "center_pixel": [
        101404.640625,
        919.2437744140625
      ],
      "center_geo": [
        804334.125,
        611245.625
      ],
      "confidence": 0.18412943184375763,
      "class": "plastic-waste",
      "area_pixel": 233668.03125,
      "area_geo": 62.984375,
      "tile_index": 377,
      "tile_offset": [
        101184,
        544
      ],
      "tile_image_path": "runs\\Dansomanclipped\\tiles_with_detections\\Dansomanclipped_tile_000377_x101184_y544_dets1.jpg"
    },
    {
      "bbox_pixel": [
        101950.7265625,
        879.0127563476562,
        102366.9140625,
        1182.833984375
      ],
      "bbox_geo": [
        804343.125,
        611246.25,
        804349.9375,
        611241.25
      ],
      "center_pixel": [
        102158.8203125,
        1030.92333984375
      ],
      "center_geo": [
        804346.5,
        611243.75
      ],
      "confidence": 0.19654230773448944,
      "class": "plastic-waste",
      "area_pixel": 126446.59375,
      "area_geo": 34.0625,
      "tile_index": 378,
      "tile_offset": [
        101728,
        544
      ],
      "tile_image_path": "runs\\Dansomanclipped\\tiles_with_detections\\Dansomanclipped_tile_000378_x101728_y544_dets1.jpg"
    },
    {
      "bbox_pixel": [
        100537.1328125,
        1088.0,
        100735.8046875,
        1358.997314453125
      ],
      "bbox_geo": [
        804319.8125,
        611242.8125,
        804323.0625,
        611238.375
      ],
      "center_pixel": [
        100636.46875,
        1223.4986572265625
      ],
      "center_geo": [
        804321.4375,
        611240.625
      ],
      "confidence": 0.48798394203186035,
      "class": "plastic-waste",
      "area_pixel": 53839.54296875,
      "area_geo": 14.421875,
      "tile_index": 566,
      "tile_offset": [
        100096,
        1088
      ],
      "tile_image_path": "runs\\Dansomanclipped\\tiles_with_detections\\Dansomanclipped_tile_000566_x100096_y1088_dets1.jpg"
    },
    {
      "bbox_pixel": [
        100780.75,
        1208.0755615234375,
        101279.4375,
        1723.4757080078125
      ],
      "bbox_geo": [
        804323.875,
        611240.8125,
        804332.0625,
        611232.375
      ],
      "center_pixel": [
        101030.09375,
        1465.775634765625
      ],
      "center_geo": [
        804328.0,
        611236.625
      ],
      "confidence": 0.19630774855613708,
      "class": "plastic-waste",
      "area_pixel": 257023.609375,
      "area_geo": 69.08203125,
      "tile_index": 567,
      "tile_offset": [
        100640,
        1088
      ],
      "tile_image_path": "runs\\Dansomanclipped\\tiles_with_detections\\Dansomanclipped_tile_000567_x100640_y1088_dets2.jpg"
    },
    {
      "bbox_pixel": [
        100643.0078125,
        1088.0,
        101270.8984375,
        1462.447998046875
      ],
      "bbox_geo": [
        804321.625,
        611242.8125,
        804331.9375,
        611236.625
      ],
      "center_pixel": [
        100956.953125,
        1275.2239990234375
      ],
      "center_geo": [
        804326.75,
        611239.75
      ],
      "confidence": 0.1899457424879074,
      "class": "plastic-waste",
      "area_pixel": 235112.390625,
      "area_geo": 63.80859375,
      "tile_index": 567,